ticker,filing_year,risk_text_length,realized_volatility,excess_volatility
ACI,2019,58614,,
ACI,2020,76860,0.3121156318585878,0.11265433828734137
ACI,2021,104545,0.29912268431487943,0.18281005975377107
ACI,2022,100555,0.3620861924032242,0.0762076508048285
ACI,2023,81580,0.10091698143746555,-0.015475279167866243
AEO,2019,33136,0.3889012212888023,0.2649797353675473
AEO,2020,35812,1.2301490729111375,0.6973666872870794
AEO,2021,44972,0.4726501253494583,0.3529653770860379
AEO,2022,69630,0.6384075588018526,0.37728513069440267
AEO,2023,67672,0.5268112411521851,0.39045793786051564
ANF,2019,46644,0.6453302218619181,0.529617193178107
ANF,2020,54909,0.9810261891329436,0.6588491803768093
ANF,2021,75799,0.5139723903208818,0.3987954472630283
ANF,2022,71203,0.8637183663032846,0.5823873770826663
ANF,2023,64124,0.774909829215982,0.653165382862056
AZO,2019,33592,0.19187044350967142,0.1241729474905066
AZO,2020,39160,0.23199366937920662,0.07933111048230504
AZO,2021,40605,0.2729488284976479,0.1235398499584302
AZO,2022,41518,0.21721125373361924,-0.004580462950432684
AZO,2023,44035,0.19030055188844167,0.075794849912419
BBBY,2019,19029,,
BBBY,2020,29134,,
BBBY,2021,35985,,
BBBY,2022,50585,,
BBBY,2023,27534,,
BBY,2019,45819,0.2613348762788701,0.14464407609736157
BBY,2020,51335,0.6948905499053882,0.2945689202662579
BBY,2021,59699,0.2900448841937896,0.1754226017039262
BBY,2022,64522,0.47498537945820357,0.20308390386031644
BBY,2023,60038,0.2712935880955144,0.14481876198617374
BJ,2019,90289,0.27884898558625276,0.16227525389823827
BJ,2020,82134,0.6066449080147488,0.18860897251578135
BJ,2021,87162,0.34835868623716737,0.23373640374730398
BJ,2022,83375,0.5462709908396287,0.2835314249090671
BJ,2023,84424,0.22517988025560104,0.09700802468169997
BURL,2019,69776,0.36341237959030465,0.23958084939054056
BURL,2020,72295,1.005713344799054,0.505776602206117
BURL,2021,80827,0.267592324096116,0.14833588877825082
BURL,2022,77025,0.614206629630147,0.3561603135386379
BURL,2023,79689,0.3548346903426999,0.21848138705103035
CHWY,2020,129686,0.6986745750788649,0.38895863332993197
CHWY,2021,138303,0.466352669790573,0.3514343436744133
CHWY,2022,148056,1.120651769655967,0.83991398302438
CHWY,2023,147233,0.6331874048938522,0.5133609372129552
COST,2019,35718,0.10464843865112299,0.03583775979497142
COST,2020,42460,0.1995178698891099,0.04172026836954895
COST,2021,41834,0.23752509911491584,0.09904173536854813
COST,2022,40228,0.29177879737602985,0.04583160487162524
COST,2023,39969,0.20793660900739486,0.08714994753344683
CVNA,2019,139646,0.5961177532890201,0.4844293022100809
CVNA,2020,148782,1.8386020934673446,1.202648240090545
CVNA,2021,157610,0.6614666497542474,0.5167526892191238
CVNA,2022,171727,1.387550244733673,1.1217027580246919
CVNA,2023,184611,1.3480971508929638,1.2019945628439421
CVS,2019,176413,0.27396957465203436,0.15959084854314637
CVS,2020,127358,0.6461339136864822,0.009665336253826706
CVS,2021,155381,0.21605370863767395,0.07359553944002473
CVS,2022,154888,0.26639553932382015,0.016551697220185818
CVS,2023,155914,0.21038277768213626,0.061039369352948764
DG,2019,37855,0.20767074644550343,0.09259932991406035
DG,2020,40787,0.2893243154846096,-0.12871162001435787
DG,2021,50112,0.19949756147731393,0.08487527898745052
DG,2022,55935,0.4798881561365286,0.20798668053864144
DG,2023,50908,0.4536504108177449,0.33276146922780436
DKS,2019,39942,0.2811879096893871,0.16505072310190402
DKS,2020,46515,0.9375569510613377,0.5316480655312374
DKS,2021,63056,0.4703228154794758,0.35759498591342986
DKS,2022,70048,0.6261606966765539,0.3472787053710472
DKS,2023,57443,0.3020740060320817,0.1816935029900661
DLTR,2019,37728,0.23268796505969078,0.11594244499097053
DLTR,2020,43960,0.507902589228661,0.10199370369856076
DLTR,2021,48276,0.2745105878319734,0.15522830287156572
DLTR,2022,66996,0.6047544396028166,0.3465942197706896
DLTR,2023,63668,0.35871867084982567,0.2221971232791563
ETSY,2019,109829,0.444702400423521,0.330323674314633
ETSY,2020,116640,1.069764676529837,0.44037488606384123
ETSY,2021,157371,0.7040476103050267,0.5598397591752977
ETSY,2022,178941,0.8919236950414772,0.6308097034814849
ETSY,2023,176500,0.39833416819713074,0.2522315801481092
FIVE,2019,81468,0.33319180633005285,0.21650100614854434
FIVE,2020,86103,0.8434444106062512,0.42540847510728375
FIVE,2021,69524,0.3576888808033458,0.2429914471490583
FIVE,2022,74543,0.5942362878672627,0.3050492787061523
FIVE,2023,71985,0.34237042041129073,0.21419856483738967
GME,2019,42232,0.8377878793806517,0.7220317253360722
GME,2020,40945,1.3954126491681071,1.0703397030983635
GME,2021,77774,1.7992165453199824,1.6856528752175108
GME,2022,49936,1.4405706549490815,1.17783108901852
GME,2023,69867,0.6551838157841139,0.5335496723144194
GPS,2019,37694,,
GPS,2020,38439,,
GPS,2021,58684,,
GPS,2022,57105,,
GPS,2023,57607,,
HD,2019,39736,0.17222278598907897,0.05553198580757045
HD,2020,45763,0.4081086199999245,0.05277976745921176
HD,2021,63134,0.188837297972693,0.07610946840664708
HD,2022,67972,0.33612400481880783,0.057242013513301104
HD,2023,68512,0.22678249212979093,0.09434575240402626
JWN,2019,30526,,
JWN,2020,33037,,
JWN,2021,43599,,
JWN,2022,46475,,
JWN,2023,47813,,
KR,2019,14907,0.24070777134913385,0.12495161730455438
KR,2020,23752,0.28457421215351164,-0.022324476793013026
KR,2021,29464,0.27332903095380573,0.15841070483764605
KR,2022,35188,0.3418082176470364,0.061070431015449345
KR,2023,36845,0.19679675264892904,0.07516260917923452
KSS,2019,23865,0.4433619237923848,0.3282905072609417
KSS,2020,26404,1.4495288761217522,1.03189797938457
KSS,2021,33727,0.4879084519880289,0.3732110183337414
KSS,2022,32637,0.6373385635136387,0.3745989975830771
KSS,2023,31377,0.5963939599834607,0.4682221044095596
LOW,2019,40202,0.33534806681937246,0.219591912774793
LOW,2020,39084,0.5153828454697267,0.11506121583059636
LOW,2021,41548,0.22789165293229466,0.11365927756196033
LOW,2022,48130,0.3604970076617295,0.08863432022446416
LOW,2023,49871,0.23482785953049132,0.11308341317656548
M,2019,35758,0.30803974384783694,0.1921157147469778
M,2020,44100,1.1796663795264164,0.8606951363746274
M,2021,50635,0.5352781079744329,0.42010116491657934
M,2022,53674,0.7457551680835665,0.4636404017025929
M,2023,61323,0.5083554176639556,0.38746647607401513
ORLY,2019,21823,0.19318615674099293,0.08149770566205379
ORLY,2020,22552,0.7819127257094048,0.15278903391188037
ORLY,2021,26856,0.17028699085144916,0.026079139721720157
ORLY,2022,28629,0.42219654467044127,0.15770757983494793
ORLY,2023,30684,0.1720746739172911,0.025949272227656223
RH,2019,139040,0.3027842377834212,0.13499820867904955
RH,2020,161408,0.9406405469576932,0.621669303805904
RH,2021,166302,0.46761277310274063,0.3526944469865809
RH,2022,129579,0.6848965047908052,0.3957094956296948
RH,2023,110596,0.3889014074384036,0.26866510664166066
ROST,2019,33217,0.21813566185492853,0.10237950781034906
ROST,2020,38715,0.6368127427963238,0.3146357340401895
ROST,2021,44528,0.25730870554246704,0.14239037942630736
ROST,2022,44341,0.6360538545599754,0.3553160679283884
ROST,2023,42226,0.20381900970212485,0.08218486623243033
TGT,2019,25565,0.2906196910697934,0.16850219920612058
TGT,2020,27198,0.5972602724495043,0.027870808865493424
TGT,2021,32739,0.23298238283125855,0.11282432682223416
TGT,2022,33020,0.6310580304282116,0.37102151036858355
TGT,2023,29602,0.2734099883426245,0.129757833061495
TJX,2019,49363,0.1781998290849896,0.06227579998413045
TJX,2020,53718,0.5774491538587049,0.25237620778896125
TJX,2021,59090,0.2369770102952469,0.12176938601297839
TJX,2022,61107,0.4090683590366459,0.1198813498755355
TJX,2023,62728,0.1582081166564673,0.037971815859724325
URBN,2019,40217,0.37659009941727334,0.2608770707334621
URBN,2020,44877,0.9488041577393165,0.6266271489831822
URBN,2021,46526,0.4997641149256664,0.38663018809296784
URBN,2022,46923,0.6253348700649548,0.3354001718250129
URBN,2023,48635,0.5232587715053837,0.40415827956077477
W,2019,104379,0.38409725904664055,0.2738644811279585
W,2020,111025,1.9345813282106414,1.305457636413117
W,2021,123450,0.6666819195738536,0.52196795903873
W,2022,123727,1.0968531485415962,0.8310056618326152
W,2023,125030,0.7080210980782754,0.5619185100292539
WBA,2019,114901,,
WBA,2020,124941,,
WBA,2021,83124,,
WBA,2022,99054,,
WBA,2023,111337,,
WMT,2019,51644,0.1319609622846202,0.015270162103111676
WMT,2020,55287,0.2853631407820957,-0.12054574474800461
WMT,2021,64767,0.13615426654304774,0.021531984053184336
WMT,2022,72857,0.3439170925980669,0.07201561700017978
WMT,2023,78308,0.11251742722463634,-0.01395739888470432
WSM,2019,77401,0.3995243579101705,0.283110972122528
WSM,2020,90799,0.7630650639298202,0.4379921178600766
WSM,2021,99670,0.37296028278808613,0.2580419566719264
WSM,2022,95148,0.6610350121424835,0.3797040229218652
WSM,2023,97669,0.3329258421732579,0.21203690058331737
