ticker,year_from,year_to,word_count_change_pct,text_similarity,text_change_score,excess_volatility
ACI,2019,2020,32.32734260201198,0.9328748400846881,0.06712515991531187,0.11265433828734137
ACI,2020,2021,37.60143503886564,0.7425393097424673,0.2574606902575327,0.18281005975377107
ACI,2021,2022,-4.090880874045564,0.969345737007346,0.030654262992653947,0.0762076508048285
ACI,2022,2023,-20.0,0.8710061245711609,0.1289938754288391,-0.015475279167866243
AEO,2019,2020,7.981410385936553,0.9637021869008217,0.036297813099178344,0.6973666872870794
AEO,2020,2021,26.459580838323355,0.9412833846997257,0.05871661530027428,0.3529653770860379
AEO,2021,2022,53.71411660254514,0.9405732589538646,0.059426741046135434,0.37728513069440267
AEO,2022,2023,-2.849441663457836,0.9773092172711075,0.022690782728892467,0.39045793786051564
ANF,2019,2020,19.23859343214182,0.8870662350788711,0.11293376492112894,0.6588491803768093
ANF,2020,2021,37.86253960516695,0.9682941847201569,0.031705815279843064,0.3987954472630283
ANF,2021,2022,-6.488111022717227,0.980355410516199,0.01964458948380099,0.5823873770826663
ANF,2022,2023,-10.21835712260138,0.969817430031331,0.03018256996866897,0.653165382862056
AZO,2019,2020,17.707082833133253,0.9698409228857581,0.030159077114241928,0.07933111048230504
AZO,2020,2021,3.790583035866055,0.9773925588982912,0.02260744110170876,0.1235398499584302
AZO,2021,2022,1.752374713396659,0.9343185420041239,0.0656814579958761,-0.004580462950432684
AZO,2022,2023,6.116207951070336,0.9872109497645902,0.012789050235409771,0.075794849912419
BBY,2019,2020,12.142542894852618,0.9784455422082827,0.021554457791717274,0.2945689202662579
BBY,2020,2021,16.529357918137833,0.9733629144213783,0.026637085578621655,0.1754226017039262
BBY,2021,2022,8.102345415778252,0.9815499320823772,0.018450067917622825,0.20308390386031644
BBY,2022,2023,-7.671545728225889,0.9784171247410117,0.021582875258988277,0.14481876198617374
BJ,2019,2020,-8.994405393774208,0.9836574196990545,0.016342580300945486,0.18860897251578135
BJ,2020,2021,5.367276166456494,0.9817543840206748,0.01824561597932517,0.23373640374730398
BJ,2021,2022,-3.926995287605655,0.9830931097824718,0.016906890217528225,0.2835314249090671
BJ,2022,2023,1.105574587355964,0.9795167628229786,0.020483237177021385,0.09700802468169997
BURL,2019,2020,3.6415094339622645,0.9926675884545451,0.007332411545454942,0.505776602206117
BURL,2020,2021,11.696704897141817,0.9580128663483682,0.04198713365163176,0.14833588877825082
BURL,2021,2022,-5.696357265096569,0.981930806874055,0.018069193125945016,0.3561603135386379
BURL,2022,2023,3.482544071897684,0.9928500026961522,0.007149997303847799,0.21848138705103035
CHWY,2020,2021,6.4511240212174785,0.9872060086010674,0.012793991398932558,0.3514343436744133
CHWY,2021,2022,6.748291571753986,0.9961988816986291,0.003801118301370865,0.83991398302438
CHWY,2022,2023,-0.8224415399662132,0.9951212770829143,0.004878722917085687,0.5133609372129552
COST,2019,2020,18.446230386528896,0.9492213872079135,0.05077861279208651,0.04172026836954895
COST,2020,2021,-1.938610662358643,0.991427400075474,0.00857259992452597,0.09904173536854813
COST,2021,2022,-4.085667215815486,0.9922846510631378,0.00771534893686221,0.04583160487162524
COST,2022,2023,-0.6183442116111302,0.9937723207493481,0.00622767925065193,0.08714994753344683
CVNA,2019,2020,6.295154387741015,0.9924358092673612,0.007564190732638809,1.202648240090545
CVNA,2020,2021,5.528377851855059,0.9948584415525477,0.0051415584474523435,0.5167526892191238
CVNA,2021,2022,8.578109616015754,0.9798156839860278,0.020184316013972192,1.1217027580246919
CVNA,2022,2023,7.726602939509577,0.9858119936527727,0.014188006347227278,1.2019945628439421
CVS,2019,2020,-28.258638385220664,0.9474712331797284,0.05252876682027163,0.009665336253826706
CVS,2020,2021,22.1586393260213,0.9784861260764326,0.021513873923567406,0.07359553944002473
CVS,2021,2022,-0.3903708523096942,0.9946449919287272,0.00535500807127276,0.016551697220185818
CVS,2022,2023,0.8970172000870891,0.9944128303627751,0.005587169637224942,0.061039369352948764
DG,2019,2020,8.447613823368075,0.983357492597327,0.016642507402673035,-0.12871162001435787
DG,2020,2021,22.508851795649974,0.9685921387777902,0.03140786122220984,0.08487527898745052
DG,2021,2022,11.629507294247178,0.9858699829946852,0.014130017005314799,0.20798668053864144
DG,2022,2023,-8.913820737270374,0.9722608702836658,0.027739129716334188,0.33276146922780436
DKS,2019,2020,15.602006688963211,0.9654608626119253,0.03453913738807468,0.5316480655312374
DKS,2020,2021,36.019094459713585,0.8479232748860598,0.15207672511394021,0.35759498591342986
DKS,2021,2022,10.549824524088057,0.9687710277668689,0.031228972233131147,0.3472787053710472
DKS,2022,2023,-18.075998075998076,0.9652729643872766,0.03472703561272339,0.1816935029900661
DLTR,2019,2020,16.966490299823633,0.94470974421668,0.05529025578332003,0.10199370369856076
DLTR,2020,2021,9.665259348612787,0.9409317422701516,0.05906825772984836,0.15522830287156572
DLTR,2021,2022,39.37852330537605,0.8994025894900393,0.10059741050996074,0.3465942197706896
DLTR,2022,2023,-5.6328302259051,0.9619965906947358,0.038003409305264246,0.2221971232791563
ETSY,2019,2020,5.700545422555861,0.900785892319113,0.09921410768088701,0.44037488606384123
ETSY,2020,2021,32.89685401986351,0.9574307316544969,0.04256926834550312,0.5598397591752977
ETSY,2021,2022,13.364228456913827,0.9616183502658318,0.038381649734168244,0.6308097034814849
ETSY,2022,2023,-1.5357419069716054,0.9846582131591171,0.015341786840882943,0.2522315801481092
FIVE,2019,2020,5.86287652426714,0.9932873334665551,0.006712666533444933,0.42540847510728375
FIVE,2020,2021,-19.307346098100542,0.971155796216277,0.028844203783722988,0.2429914471490583
FIVE,2021,2022,6.693136698808849,0.9919341021080947,0.00806589789190526,0.3050492787061523
FIVE,2022,2023,-3.393584972532341,0.9728110429367667,0.02718895706323332,0.21419856483738967
GME,2019,2020,-2.5435704192180877,0.9657109817516678,0.03428901824833219,1.0703397030983635
GME,2020,2021,92.39568229418398,0.8418899319755352,0.1581100680244648,1.6856528752175108
GME,2021,2022,-36.710768715458045,0.9251521638109202,0.07484783618907975,1.17783108901852
GME,2022,2023,39.26964805504102,0.8403196301486191,0.1596803698513809,0.5335496723144194
HD,2019,2020,15.451238524164213,0.9806490699237086,0.019350930076291406,0.05277976745921176
HD,2020,2021,36.99924981245311,0.9574787759714778,0.04252122402852221,0.07610946840664708
HD,2021,2022,7.260979082247289,0.9841933098232911,0.015806690176708882,0.057242013513301104
HD,2022,2023,0.6432509699816213,0.9791886826326632,0.020811317367336768,0.09434575240402626
KR,2019,2020,60.17375400091449,0.8935286568412824,0.10647134315871765,-0.022324476793013026
KR,2020,2021,24.43619754496146,0.9394576449405478,0.06054235505945216,0.15841070483764605
KR,2021,2022,19.454003211745814,0.978281579756382,0.02171842024361803,0.061070431015449345
KR,2022,2023,4.782024198194738,0.9723296904718215,0.027670309528178505,0.07516260917923452
KSS,2019,2020,10.912240184757506,0.9613181907619227,0.03868180923807729,1.03189797938457
KSS,2020,2021,29.411764705882355,0.9170506243676737,0.0829493756323263,0.3732110183337414
KSS,2021,2022,-3.4392598551890585,0.9822979596277887,0.017702040372211347,0.3745989975830771
KSS,2022,2023,-4.228285773797126,0.9576326209209429,0.04236737907905708,0.4682221044095596
LOW,2019,2020,-3.5474108944182916,0.9481489120855519,0.051851087914448146,0.11506121583059636
LOW,2020,2021,5.8392888269130205,0.9636649706019866,0.03633502939801336,0.11365927756196033
LOW,2021,2022,15.711462450592887,0.9732759387193305,0.02672406128066951,0.08863432022446416
LOW,2022,2023,3.600910902362653,0.9858459010020553,0.01415409899794473,0.11308341317656548
M,2019,2020,18.725943033102386,0.9702399965347748,0.029760003465225227,0.8606951363746274
M,2020,2021,14.135192089479656,0.9477196966907131,0.0522803033092869,0.42010116491657934
M,2021,2022,8.691947166595654,0.9593650768954328,0.04063492310456718,0.4636404017025929
M,2022,2023,17.653207892329807,0.9499739694426154,0.05002603055738464,0.38746647607401513
ORLY,2019,2020,3.2801685224195007,0.9765087151253503,0.023491284874649687,0.15278903391188037
ORLY,2020,2021,18.560606060606062,0.9484214205870801,0.05157857941291988,0.026079139721720157
ORLY,2021,2022,5.971983288277218,0.9891132996523648,0.01088670034763517,0.15770757983494793
ORLY,2022,2023,6.354359925788497,0.9562967126306772,0.04370328736932283,0.025949272227656223
RH,2019,2020,15.362251961236733,0.9786195447780976,0.02138045522190235,0.621669303805904
RH,2020,2021,3.656146245849834,0.9836518454075434,0.016348154592456643,0.3526944469865809
RH,2021,2022,-22.347856288349476,0.9839214143751626,0.016078585624837438,0.3957094956296948
RH,2022,2023,-15.207235861246396,0.9684544176899089,0.03154558231009108,0.26866510664166066
ROST,2019,2020,16.75785207700101,0.938942363710576,0.061057636289423955,0.3146357340401895
ROST,2020,2021,14.682401943769523,0.9690274445793265,0.030972555420673453,0.14239037942630736
ROST,2021,2022,-1.104721549636804,0.9844177998659066,0.015582200134093394,0.3553160679283884
ROST,2022,2023,-4.8201989288446825,0.9854190086263489,0.014580991373651098,0.08218486623243033
TGT,2019,2020,5.824728620598359,0.9783574366495087,0.021642563350491306,0.027870808865493424
TGT,2020,2021,20.94070552914686,0.9311155815803047,0.06888441841969528,0.11282432682223416
TGT,2021,2022,0.33098882912701694,0.9662379991969123,0.033762000803087666,0.37102151036858355
TGT,2022,2023,-10.721649484536082,0.8925997093043309,0.10740029069566914,0.129757833061495
TJX,2019,2020,8.646204439572486,0.9858035501789325,0.014196449821067492,0.25237620778896125
TJX,2020,2021,9.433724303190818,0.9783991038719072,0.021600896128092795,0.12176938601297839
TJX,2021,2022,3.918404978679267,0.9889275041080822,0.011072495891917833,0.1198813498755355
TJX,2022,2023,2.439835865587224,0.9902582394850789,0.00974176051492115,0.037971815859724325
URBN,2019,2020,11.105594174114533,0.9695854548965261,0.030414545103473856,0.6266271489831822
URBN,2020,2021,3.0388797854908387,0.9771521063331753,0.022847893666824715,0.38663018809296784
URBN,2021,2022,0.9107994795431544,0.9783251252787515,0.021674874721248516,0.3354001718250129
URBN,2022,2023,3.2091690544412605,0.9869040297573602,0.013095970242639754,0.40415827956077477
W,2019,2020,6.203784935455571,0.9954665777967735,0.0045334222032265,1.305457636413117
W,2020,2021,10.84493745574699,0.9767061656440883,0.023293834355911702,0.52196795903873
W,2021,2022,0.17033961460662195,0.9881475723405806,0.011852427659419407,0.8310056618326152
W,2022,2023,0.8502497608672548,0.9797866355637324,0.020213364436267645,0.5619185100292539
WMT,2019,2020,6.824693930711123,0.9808829918081324,0.01911700819186757,-0.12054574474800461
WMT,2020,2021,16.886125335284078,0.9708498325040748,0.02915016749592525,0.021531984053184336
WMT,2021,2022,11.995410451653282,0.9883013217455564,0.011698678254443595,0.07201561700017978
WMT,2022,2023,6.798919623731023,0.9808098884868579,0.019190111513142094,-0.01395739888470432
WSM,2019,2020,16.927659574468084,0.9724352877455797,0.027564712254420254,0.4379921178600766
WSM,2020,2021,9.644078899483223,0.98531566069253,0.01468433930747004,0.2580419566719264
WSM,2021,2022,-4.255177907594264,0.9912303974252531,0.008769602574746904,0.3797040229218652
WSM,2022,2023,2.2949455730430564,0.9910817383238192,0.008918261676180816,0.21203690058331737
